INSERT INTO grades(grade, quiz, user_id) VALUES
    (0, 1, 1),
    (0, 2, 1),
    (0, 3, 1),
    (0, 4, 1),
    (0, 5, 1),
    (0, 6, 1),
    (0, 7, 1),
    (0, 8, 1),
    (0, 9, 1),
    (0, 10, 1),
    (0, 11, 1),
    (0, 12, 1),
    (0, 13, 1),
    (0, 14, 1);

-- Quiz 1
INSERT INTO answers(question_number, answer, quiz) VALUES
    (1, 'What', 1),
    (2, 'name', 1),
    (3, 'A', 1),
    (4, 'A', 1),
    (5, 'A', 1),
    (6, 'A', 1);

-- Quiz 2
INSERT INTO answers(question_number, answer, quiz) VALUES
    (1, 'cut', 2),
    (2, 'three', 2),
    (3, 'can', 2),
    (4, 'dress', 2),
    (5, 'cast', 2),
    (6, 'stop', 2),
    (7, 'lid', 2),
    (8, 'four', 2),
    (9, 'vest', 2),
    (10, 'run', 2),
    (11, 'toss', 2),
    (12, 'win', 2),
    (13, 'mom', 2),
    (14, 'jam', 2),
    (15, 'gum', 2),
    (16, 'hot', 2),
    (17, 'bat', 2),
    (18, 'pig', 2),
    (19, 'jet', 2),
    (20, 'class', 2),
    (21, 'up', 2),
    (22, 'bed', 2),
    (23, 'dad', 2),
    (24, 'sick', 2),
    (25, 'pen', 2),
    (26, 'rob', 2),
    (27, 'read', 2),
    (28, 'letter', 2),
    (29, 'lip', 2),
    (30, 'mop', 2),
    (31, 'hand', 2);

-- Quiz 3
INSERT INTO answers(question_number, answer, quiz) VALUES
    (1, 'know', 3),
    (2, 'on', 3),
    (3, 'time', 3),
    (4, 'and', 3),
    (5, 'month', 3),
    (6, 'year', 3),
    (7, 'Thank', 3),
    (8, 'every', 3);

-- Quiz 4
INSERT INTO answers(question_number, answer, quiz) VALUES
    (1, 'Good', 4),
    (2, 'are', 4),
    (3, 'fine', 4),
    (4, 'you', 4),
    (5, 'Great', 4),
    (6, 'This', 4),
    (7, 'meet', 4),
    (8, 'nice', 4),
    (9, 'you', 4);

-- Quiz 5
INSERT INTO answers(question_number, answer, quiz) VALUES
    (1, 'Where', 5),
    (2, 'Place', 5),
    (3, 'What', 5),
    (4, 'Person', 5),
    (5, 'Which', 5),
    (6, 'Choice', 5),
    (7, 'When', 5),
    (8, 'Time', 5),
    (9, 'When', 5),
    (10, 'Time', 5),
    (11, 'How', 5),
    (12, 'Condition', 5),
    (13, 'How', 5),
    (14, 'Condition', 5),
    (15, 'Where', 5),
    (16, 'Place', 5),
    (17, 'What', 5),
    (18, 'Item Description', 5);

-- Quiz 6
INSERT INTO answers(question_number, answer, quiz) VALUES
    (1, 'your', 6),
    (2, 'you', 6),
    (3, 'know', 6),
    (4, 'have', 6),
    (5, 'mean', 6),
    (6, 'and', 6),
    (7, 'right', 6),
    (8, 'with', 6),
    (9, 'like', 6),
    (10, 'hope', 6),
    (11, 'So', 6),
    (12, 'are', 6),
    (13, 'that', 6),
    (14, 'think', 6);

-- Quiz 7
INSERT INTO answers(question_number, answer, quiz) VALUES
    (1, 'set', 7),
    (2, 'pain', 7),
    (3, 'physician', 7),
    (4, 'trouble, symptom', 7),
    (5, 'meeting', 7),
    (6, 'region', 7),
    (7, 'residing', 7),
    (8, 'traveling', 7),
    (9, 'arriving', 7),
    (10, 'freeway, interstate', 7),
    (11, 'depart, leave', 7),
    (12, 'off ramp', 7);

-- Quiz 8
INSERT INTO answers(question_number, answer, quiz) VALUES
    (1, 'for', 8),
    (2, 'some', 8),
    (3, 'For', 8),
    (4, 'you', 8),
    (5, 'your', 8),
    (6, 'my', 8),
    (7, 'What', 8),
    (8, 'does', 8),
    (9, 'want', 8),
    (10, 'shoes', 8),
    (11, 'know', 8),
    (12, 'big', 8),
    (13, 'these', 8),
    (14, 'tight', 8);

-- Quiz 9
INSERT INTO answers(question_number, answer, quiz) VALUES
    (1, 'wet', 9),
    (2, 'lots', 9),
    (3, 'freezing', 9),
    (4, 'points', 9),
    (5, 'rain', 9),
    (6, 'pleasant', 9),
    (7, 'under', 9),
    (8, 'about', 9),
    (9, '100', 9),
    (10, 'breeze', 9),
    (11, 'heat', 9);

-- Quiz 10
INSERT INTO answers(question_number, answer, quiz) VALUES
    (1, 'pardon me', 10),
    (2, 'No problem', 10),
    (3, 'show me', 10),
    (4, '3rd', 10),
    (5, 'turn left', 10),
    (6, 'directly in front of', 10),
    (7, 'do it', 10),
    (8, 'road', 10),
    (9, 'pharmacy', 10),
    (10, 'in this area', 10),
    (11, 'store', 10);

-- Quiz 11
INSERT INTO answers(question_number, answer, quiz) VALUES
    (1, 'We''re', 11),
    (2, 'for', 11),
    (3, 'my', 11),
    (4, 'are', 11),
    (5, 'Something', 11),
    (6, 'would', 11),
    (7, 'over', 11),
    (8, 'Could', 11),
    (9, 'one', 11),
    (10, 'there', 11),
    (11, 'We''ll', 11),
    (12, 'right', 11),
    (13, 'this', 11),
    (14, 'Will', 11),
    (15, 'cash', 11);

-- Quiz 12
INSERT INTO answers(question_number, answer, quiz) VALUES
    (1, 'yellow', 12),
    (2, 'green', 12),
    (3, 'blue', 12),
    (4, 'purple', 12),
    (5, 'red', 12),
    (6, 'orange', 12),
    (7, 'brown', 12),
    (8, 'white', 12),
    (9, 'black', 12),
    (10, 'pink', 12),
    (11, 'gray', 12);

-- Quiz 13
INSERT INTO answers(question_number, answer, quiz) VALUES
    (1, 'meal', 13),
    (2, 'big', 13),
    (3, 'potatoes', 13),
    (4, 'eat it', 13),
    (5, 'carton', 13),
    (6, 'noon meal', 13),
    (7, 'loaves', 13),
    (8, '4 quarts', 13),
    (9, 'drink', 13),
    (10, 'cooking tool', 13);



INSERT INTO quizzes(quiz, submit) VALUES
    (1, FALSE),
    (2, FALSE),
    (3, FALSE),
    (4, FALSE),
    (5, FALSE),
    (6, FALSE),
    (7, FALSE),
    (8, FALSE),
    (9, FALSE),
    (10, FALSE),
    (11, FALSE),
    (12, FALSE),
    (13, FALSE),
    (14, FALSE);

INSERT INTO user_responses(response, question_number, quiz, user_id) VALUES
    ('', 1, 2, 1),
    ('', 2, 2, 1),
    ('', 3, 2, 1),
    ('', 4, 2, 1),
    ('', 5, 2, 1),
    ('', 6, 2, 1),
    ('', 7, 2, 1),
    ('', 8, 2, 1),
    ('', 9, 2, 1),
    ('', 10, 2, 1),
    ('', 11, 2, 1),
    ('', 12, 2, 1),
    ('', 13, 2, 1),
    ('', 14, 2, 1),
    ('', 15, 2, 1),
    ('', 16, 2, 1),
    ('', 17, 2, 1),
    ('', 18, 2, 1),
    ('', 19, 2, 1),
    ('', 20, 2, 1),
    ('', 21, 2, 1),
    ('', 22, 2, 1),
    ('', 23, 2, 1),
    ('', 24, 2, 1),
    ('', 25, 2, 1),
    ('', 26, 2, 1),
    ('', 27, 2, 1),
    ('', 28, 2, 1),
    ('', 29, 2, 1),
    ('', 30, 2, 1),
    ('', 31, 2, 1);
    
INSERT INTO user_responses(response, question_number, quiz, user_id) VALUES
    ('', 1, 3, 1),
    ('', 2, 3, 1),
    ('', 3, 3, 1),
    ('', 4, 3, 1),
    ('', 5, 3, 1),
    ('', 6, 3, 1),
    ('', 7, 3, 1),
    ('', 8, 3, 1);

INSERT INTO users(first_name, last_name, phone_number, username, account_type) VALUES ('Freddy', 'Kouakou', '+123456789', 'fkouakou', 'admin');